Home, Inicio
Search, Buscar
Not found, No encontrado
The page you requested does not exist., La página solicitada no existe.
Continue shopping, Seguir comprando
404 Page Not Found, 404 Página no encontrada
Please select, Seleccionar
Add to Cart, Añadir al carrito
ADD TO CART, AÑADIR AL CARRITO
Adding..., Añadiendo...
In Stock, En stock
Out of Stock, Sin stock
SKU ${sku}, REF: ${sku}
Shop, Tienda
About us, Sobre nosotros
Contact, Contacto
View all, Ver todo
View details, Ver detalles
Close, Cerrar
Save, Guardar
Cancel, Cancelar
Delete, Eliminar
Edit, Editar
Back, Volver
Next, Siguiente
Previous, Anterior
Loading..., Cargando...
No results found, Sin resultados
Show more, Ver más
Show less, Ver menos
Apply, Aplicar
Reset, Restablecer
Required, Obligatorio
Yes, Sí
No, No
All, Todos
Share, Compartir
Send, Enviar
Submit, Enviar
Sign in, Iniciar sesión
Sign up, Registrarse
Log out, Cerrar sesión
My account, Mi cuenta
Profile, Perfil
Orders, Pedidos
Addresses, Direcciones
Subscribe, Suscribirse
Read more, Leer más
Featured products, Productos destacados
New arrivals, Novedades
Best sellers, Los más vendidos
On sale, En oferta
Related products, Productos relacionados
You may also like, También te puede interesar
View cart, Ver carrito
Checkout, Finalizar compra
Continue to checkout, Ir a pagar
Return to shop, Volver a la tienda
© 2022 Evershop. All Rights Reserved., © 2026 Speedler. Todos los derechos reservados.
